word	cluster
toxic	0
fertotoxic	0
hepatotoxic	0
tubulotoxic	0
leukotoxic	0
entomotoxic	0
vestibulotoxic	0
nematotoxic	0
myotoxic	0
toxicosis	0
chronotoxic	0
gametotoxic	0
exotoxic	0
cryotoxic	0
semitoxic	0
hemotoxic	0
genotoxic	0
supertoxic	0
gastrotoxic	0
phlebotoxic	0
dermatoxic	0
polytoxic	0
biotoxic	0
mechanotoxic	0
agrotoxic	0
psychotoxic	0
endotoxic	0
cardiotoxic	0
lymphotoxic	0
excitotoxic	0
ribotoxic	0
toxicity	0
oculotoxic	0
fungitoxic	0
leucotoxic	0
xenotoxic	0
toxics	0
toxication	0
osmotoxic	0
thymotoxic	0
cytotoxic	0
nontoxic	0
neurotoxic	0
organotoxic	0
bacteriotoxic	0
immunotoxic	0
pneumotoxic	0
gonadotoxic	0
adrenotoxic	0
phytotoxic	0
dermatotoxic	0
lipotoxic	0
maternotoxic	0
ovotoxic	0
toxicness	0
chondrotoxic	0
spermatotoxic	0
antitoxic	0
hypertoxic	0
hypotoxic	0
osteotoxic	0
mytilotoxine	0
radiotoxic	0
atoxic	0
myelotoxic	0
zootoxic	0
glucotoxic	0
cancerotoxic	0
glycotoxic	0
thyrotoxic	0
ciliotoxic	0
hematotoxic	0
toxify	0
equitoxic	0
phototoxic	0
autotoxic	0
retinotoxic	0
rhizotoxic	0
mycotoxic	0
toxicate	0
olfactotoxic	0
urotoxic	0
angiotoxic	0
nephrotoxic	0
foetotoxic	0
toxically	0
histotoxic	0
subtoxic	0
fetotoxic	0
vasculotoxic	0
splenotoxic	0
chemotoxic	0
proteotoxic	0
ecotoxic	0
necrotoxic	0
nanotoxic	0
ototoxic	0
ichthyotoxic	0
type	1
histotype	1
typeable	1
typer	1
syntype	1
multitype	1
foretype	1
retype	1
holotype	1
physiotype	1
zymotype	1
phototype	1
ecotype	1
proterotype	1
typy	1
nucleotype	1
palaeotype	1
typing	1
biotype	1
megatype	1
ditype	1
ur-type	1
pretype	1
typo	1
somatotype	1
sociotype	1
neurotype	1
oncotype	1
typeability	1
typonym	1
hypotype	1
countertype	1
Intertype	1
epitype	1
monotype	1
glycotype	1
aftertype	1
theriotype	1
subtype	1
oligotype	1
anthotype	1
apotype	1
typeful	1
zootype	1
autotype	1
cerebrotype	1
paratype	1
immunotype	1
chronotype	1
typist	1
typification	1
typal	1
stannotype	1
pedotype	1
xenotype	1
typeless	1
cotype	1
taphotype	1
typester	1
isotype	1
tetratype	1
stereotype	1
tectotype	1
untype	1
spoligotype	1
allotype	1
protype	1
logotype	1
exotype	1
coenotype	1
stratotype	1
topotype	1
mistype	1
genotype	1
endotype	1
pseudotype	1
plastotype	1
typology	1
typical	1
electrotype	1
overtype	1
idiotype	1
pulsotype	1
cybertype	1
ombrotype	1
pneumotype	1
pseudo-type	1
typify	1
agrotype	1
phylotype	1
teletype	1
oxotype	1
typecast	1
envirotype	1
intertype	1
typography	1
metatype	1
polytype	1
neotype	1
gliotype	1
antitype	1
supertype	1
therapy	2
polytherapy	2
opsonotherapy	2
osmotherapy	2
mesotherapy	2
allotherapy	2
virotherapy	2
galvanotherapy	2
bibliotherapy	2
tomotherapy	2
chemotherapy	2
iodotherapy	2
therapize	2
homeotherapy	2
radiotherapy	2
ichthyotherapy	2
gerontotherapy	2
xylotherapy	2
cotherapy	2
embolotherapy	2
halotherapy	2
therapeutic	2
seismotherapy	2
chromotherapy	2
musicotherapy	2
pharmacotherapy	2
pyrotherapy	2
zootherapy	2
endotherapy	2
ferrotherapy	2
psychotherapy	2
cardiotherapy	2
entomotherapy	2
biotherapy	2
phototherapy	2
scototherapy	2
fluorotherapy	2
hagiotherapy	2
therapese	2
myotherapy	2
autotherapy	2
ecotherapy	2
trophotherapy	2
cytotherapy	2
lithotherapy	2
theotherapy	2
angiotherapy	2
teletherapy	2
bitherapy	2
chrysotherapy	2
chronotherapy	2
speleotherapy	2
thalassotherapy	2
psychrotherapy	2
somatotherapy	2
chemicotherapy	2
narcotherapy	2
sonotherapy	2
pretherapy	2
dermatotherapy	2
posttherapy	2
kinesiotherapy	2
electrotherapy	2
algotherapy	2
nontherapy	2
chirotherapy	2
cyclotherapy	2
immunotherapy	2
metallotherapy	2
crenotherapy	2
selftherapy	2
organotherapy	2
physiotherapy	2
oncotherapy	2
ampelotherapy	2
oneirotherapy	2
hydrotherapy	2
ergotherapy	2
sclerotherapy	2
hypnotherapy	2
thermotherapy	2
massotherapy	2
monotherapy	2
actinotherapy	2
hemotherapy	2
e-therapy	2
faradotherapy	2
corticotherapy	2
oligotherapy	2
pedotherapy	2
vibrotherapy	2
phytotherapy	2
heliotherapy	2
aerotherapy	2
auriculotherapy	2
therapist	2
bacteriotherapy	2
pneumotherapy	2
vegetotherapy	2
serotherapy	2
logotherapy	2
neurotherapy	2
mechanotherapy	2
cybertherapy	2
multitherapy	2
brachytherapy	2
ophthalmotherapy	2
haemotherapy	2
aurotherapy	2
nanotherapy	2
malariotherapy	2
hippotherapy	2
antitherapy	2
therapylike	2
naturotherapy	2
therapee	2
magnetotherapy	2
duotherapy	2
senotherapy	2
heterotherapy	2
cryotherapy	2
sociotherapy	2
nosotherapy	2
urotherapy	2
zymotherapy	2
arsenotherapy	2
culture	3
ecoculture	3
mycoculture	3
technoculture	3
cryoculture	3
hemoculture	3
culturagram	3
haemoculture	3
superculture	3
ethnoculture	3
monoculture	3
histoculture	3
coproculture	3
acculture	3
miniculture	3
culturize	3
zooculture	3
underculture	3
multiculture	3
culturewide	3
hyperculture	3
deculture	3
subculture	3
reculture	3
enculture	3
self-culture	3
microculture	3
polyculture	3
vermiculture	3
ostreiculture	3
culturability	3
culturgen	3
culturable	3
preculture	3
protoculture	3
myeloculture	3
tetraculture	3
permaculture	3
inculture	3
culturewise	3
uberculture	3
physiculture	3
metaculture	3
culturicide	3
aviculture	3
organoculture	3
coculture	3
nonculture	3
urinoculture	3
narcoculture	3
bioculture	3
cultureless	3
counterculture	3
cultureme	3
interculture	3
pisciculture	3
homoculture	3
ur-culture	3
culturescape	3
overculture	3
macroculture	3
culturist	3
unculture	3
petroculture	3
anticulture	3
oligoculture	3
hydroculture	3
culturelike	3
herpetoculture	3
cultured	3
culturism	3
iatroculture	3
cyberculture	3
culturomics	3
aquaculture	3
cultureware	3
cultureful	3
culturcide	3
biculture	3
cultural	3
culturecide	3
triculture	3
genetic	4
melanogenetic	4
glycogenetic	4
petrogenetic	4
oogenetic	4
biogenetic	4
congenetic	4
antigenetic	4
spatiogenetic	4
paragenetic	4
keratogenetic	4
xenogenetic	4
ovigenetic	4
protogenetic	4
neurogenetic	4
metallogenetic	4
carcinogenetic	4
geogenetic	4
pangenetic	4
autogenetic	4
genetics	4
androgenetic	4
demogenetic	4
hematogenetic	4
cyanogenetic	4
mechanogenetic	4
dysgenetic	4
oncogenetic	4
nucleogenetic	4
cyclogenetic	4
zygogenetic	4
diagenetic	4
optogenetic	4
heterogenetic	4
nongenetic	4
thrombogenetic	4
intragenetic	4
polygenetic	4
monogenetic	4
homogenetic	4
isogenetic	4
exogenetic	4
xylogenetic	4
histogenetic	4
telegenetic	4
photogenetic	4
sociogenetic	4
vasculogenetic	4
ketogenetic	4
thanatogenetic	4
pharmacogenetic	4
blastogenetic	4
gametogenetic	4
psychogenetic	4
metagenetic	4
teleogenetic	4
haematogenetic	4
pedogenetic	4
phenogenetic	4
multigenetic	4
kinetogenetic	4
archaeogenetic	4
cytogenetic	4
oligogenetic	4
cybergenetic	4
oögenetic	4
intergenetic	4
transgenetic	4
thermogenetic	4
palaeogenetic	4
genetically	4
morphogenetic	4
hologenetic	4
chemogenetic	4
pathogenetic	4
nephrogenetic	4
palatogenetic	4
glottogenetic	4
geneticist	4
geneticize	4
teratogenetic	4
agenetic	4
organogenetic	4
extragenetic	4
pyrogenetic	4
hypogenetic	4
spermatogenetic	4
telogenetic	4
sonogenetic	4
diplogenetic	4
epigenetic	4
orthogenetic	4
cogenetic	4
ichnogenetic	4
ethnogenetic	4
paleogenetic	4
phytogenetic	4
sporogenetic	4
odontogenetic	4
neogenetic	4
pregenetic	4
immunogenetic	4
myogenetic	4
allogenetic	4
chemical	5
pyrochemical	5
multichemical	5
chemical-free	5
thermochemical	5
semichemical	5
morphochemical	5
superchemical	5
chemicalization	5
stoichiochemical	5
physicochemical	5
phytochemical	5
hematochemical	5
chemically	5
infochemical	5
mechanicochemical	5
biochemical	5
semiochemical	5
regiochemical	5
haematochemical	5
psychochemical	5
magnetochemical	5
metallochemical	5
perfluorochemical	5
stereochemical	5
carbochemical	5
cytochemical	5
actinochemical	5
protochemical	5
oenochemical	5
electrochemical	5
femtochemical	5
necrochemical	5
immunochemical	5
crystallochemical	5
allochemical	5
xenochemical	5
rotochemical	5
isochemical	5
organochemical	5
chemicalize	5
cosmochemical	5
zoochemical	5
histochemical	5
astrochemical	5
hydrochemical	5
mechanochemical	5
antichemical	5
nanochemical	5
technochemical	5
piezochemical	5
glaciochemical	5
petrochemical	5
chemicalese	5
iatrochemical	5
photochemical	5
baryochemical	5
sociochemical	5
oleochemical	5
nonchemical	5
optochemical	5
geochemical	5
microchemical	5
fluorochemical	5
pharmacochemical	5
hadrochemical	5
radiochemical	5
topochemical	5
physiochemical	5
lithochemical	5
allelochemical	5
metachemical	5
thanatochemical	5
neurochemical	5
sonochemical	5
aerochemical	5
spectrochemical	5
agrochemical	5
macrochemical	5
tribochemical	5
quasichemical	5
chemistry	6
plasmochemistry	6
magnetochemistry	6
meteorochemistry	6
physicochemistry	6
astrochemistry	6
nucleochemistry	6
actinochemistry	6
suprachemistry	6
sialochemistry	6
topochemistry	6
biochemistry	6
xylochemistry	6
hydrochemistry	6
virochemistry	6
cytochemistry	6
nonchemistry	6
stereochemistry	6
photoelectrochemistry	6
geochemistry	6
agrochemistry	6
photochemistry	6
selenochemistry	6
crystallochemistry	6
piezochemistry	6
immunochemistry	6
carbochemistry	6
radiochemistry	6
xenochemistry	6
macrochemistry	6
cosmochemistry	6
fluorochemistry	6
zoochemistry	6
hadrochemistry	6
femtochemistry	6
toxicochemistry	6
pedochemistry	6
pharmacochemistry	6
necrochemistry	6
glycochemistry	6
endochemistry	6
zoöchemistry	6
dendrochemistry	6
metachemistry	6
haematochemistry	6
oenochemistry	6
bacteriochemistry	6
thermochemistry	6
lipochemistry	6
iatrochemistry	6
microchemistry	6
limnochemistry	6
ecochemistry	6
oleochemistry	6
pneumochemistry	6
nanochemistry	6
sonochemistry	6
glaciochemistry	6
semiochemistry	6
lithochemistry	6
sociochemistry	6
phytochemistry	6
galactochemistry	6
hematochemistry	6
exochemistry	6
psychochemistry	6
heliochemistry	6
thanatochemistry	6
regiochemistry	6
pyrochemistry	6
nitrochemistry	6
tribochemistry	6
petrochemistry	6
electrochemistry	6
metallochemistry	6
polychemistry	6
spectrochemistry	6
neurochemistry	6
physiochemistry	6
histochemistry	6
mechanochemistry	6
cryochemistry	6
toxin	7
toxinic	7
zootoxin	7
gastrotoxin	7
autotoxin	7
actinotoxin	7
biotoxin	7
haematotoxin	7
arachnotoxin	7
endotoxin	7
pneumotoxin	7
toxinosis	7
isotoxin	7
holotoxin	7
hemotoxin	7
rhodotoxin	7
toxinology	7
neurotoxin	7
mechanotoxin	7
enterotoxin	7
dermatotoxin	7
lignotoxin	7
anatoxin	7
dendrotoxin	7
phycotoxin	7
chlorotoxin	7
prototoxin	7
pathotoxin	7
cytotoxin	7
heterotoxin	7
toxinemia	7
erototoxin	7
hematotoxin	7
ophiotoxin	7
genotoxin	7
dermatoxin	7
picrotoxin	7
thyrotoxin	7
cyanotoxin	7
nephrotoxin	7
toxoid	7
ecotoxin	7
pyrotoxin	7
toxinome	7
glycotoxin	7
cephalotoxin	7
angiotoxin	7
peptotoxin	7
tyrotoxin	7
mitotoxin	7
mycotoxin	7
radiotoxin	7
multitoxin	7
chemotoxin	7
bacteriotoxin	7
hepatotoxin	7
leukotoxin	7
toxinomic	7
entomotoxin	7
ovotoxin	7
immunotoxin	7
lymphotoxin	7
ichthyotoxin	7
myotoxin	7
phototoxin	7
toxinomics	7
protoxin	7
embryotoxin	7
toxinlike	7
lipotoxin	7
xanthotoxin	7
equinatoxin	7
phytotoxin	7
toxisome	7
sarcotoxin	7
exotoxin	7
urotoxin	7
ribotoxin	7
xenotoxin	7
antitoxin	7
necrotoxin	7
cardiotoxin	7
excitotoxin	7
rhizotoxin	7
ototoxin	7
homeotoxin	7
lateral	8
anterolateral	8
heterolateral	8
equilateral	8
octolateral	8
controlateral	8
ectolateral	8
supralateral	8
laterality	8
basolateral	8
contralateral	8
lateralise	8
plantarolateral	8
counterlateral	8
occipitolateral	8
retrolateral	8
obliquolateral	8
dextrolateral	8
hemilateral	8
costolateral	8
lateralize	8
centrolateral	8
quinquelateral	8
prolateral	8
multilateral	8
plurilateral	8
plantolateral	8
linguolateral	8
apicolateral	8
lateralward	8
omnilateral	8
orbitolateral	8
nonlateral	8
matrilateral	8
acousticolateral	8
ventrolateral	8
lateralmost	8
mesiolateral	8
lateralist	8
posterolateral	8
superolateral	8
latericorn	8
inferolateral	8
isolateral	8
laterally	8
mediolateral	8
lateralism	8
lateraling	8
unilateral	8
tetralateral	8
distolateral	8
rostrolateral	8
labiolateral	8
posteriolateral	8
caudolateral	8
septolateral	8
proximolateral	8
homolateral	8
frontolateral	8
midlateral	8
bilateral	8
ipsilateral	8
mesolateral	8
dorsolateral	8
sacrolateral	8
basilateral	8
trilateral	8
laterolateral	8
palmarolateral	8
patrilateral	8
lateralization	8
temporolateral	8
craniolateral	8
intermediolateral	8
monolateral	8
polylateral	8
ambilateral	8
axiolateral	8
sublateral	8
septilateral	8
octavolateral	8
paralateral	8
semilateral	8
protein	9
preprotein	9
mucoprotein	9
apoprotein	9
myoprotein	9
macroprotein	9
proteinate	9
hepatoprotein	9
melanoprotein	9
cystoprotein	9
selenoprotein	9
metaprotein	9
pro-protein	9
proprotein	9
lipoprotein	9
protease	9
mannoprotein	9
nitrosoprotein	9
proteinless	9
immunoprotein	9
multiprotein	9
ferroprotein	9
superprotein	9
homoprotein	9
cryoprotein	9
scleroprotein	9
galactoprotein	9
proteomics	9
pseudoprotein	9
pneumoprotein	9
metalloprotein	9
fluoroprotein	9
proteinous	9
oncoprotein	9
proteinosis	9
flavoprotein	9
proteinlike	9
heteroprotein	9
chromoprotein	9
isoprotein	9
cytoprotein	9
neuroprotein	9
hemiprotein	9
lymphoprotein	9
mycoprotein	9
proteinase	9
proteinemia	9
corticoprotein	9
proteinomics	9
lactoprotein	9
intraprotein	9
transprotein	9
molybdoprotein	9
paraprotein	9
proteinic	9
ectoprotein	9
glycoprotein	9
bioprotein	9
proteinoid	9
proteose	9
cerebroprotein	9
holoprotein	9
fetoprotein	9
xanthoprotein	9
nucleoprotein	9
proteinuria	9
protose	9
seroprotein	9
miniprotein	9
normoprotein	9
xenoprotein	9
interprotein	9
phytoprotein	9
polyprotein	9
homeoprotein	9
alloprotein	9
cuproprotein	9
phosphoprotein	9
microprotein	9
photoprotein	9
chondroprotein	9
proteinaceous	9
azoprotein	9
nonprotein	9
exoprotein	9
riboprotein	9
therapeutic	10
cytotherapeutic	10
zootherapeutic	10
sclerotherapeutic	10
chemotherapeutic	10
osmotherapeutic	10
urotherapeutic	10
chromotherapeutic	10
subtherapeutic	10
somatotherapeutic	10
organotherapeutic	10
nanotherapeutic	10
monotherapeutic	10
untherapeutic	10
pharmacotherapeutic	10
gerontotherapeutic	10
antitherapeutic	10
dermatotherapeutic	10
dystherapeutic	10
homeotherapeutic	10
hemotherapeutic	10
psychotherapeutic	10
senotherapeutic	10
hydrotherapeutic	10
supertherapeutic	10
balneotherapeutic	10
virotherapeutic	10
eutherapeutic	10
therapeutical	10
posttherapeutic	10
magnetotherapeutic	10
nontherapeutic	10
musicotherapeutic	10
pseudotherapeutic	10
multitherapeutic	10
metallotherapeutic	10
countertherapeutic	10
chemicotherapeutic	10
therapeutics	10
therapeutically	10
pedotherapeutic	10
neurotherapeutic	10
thalassotherapeutic	10
peritherapeutic	10
narcotherapeutic	10
oligotherapeutic	10
chronotherapeutic	10
oncotherapeutic	10
climatotherapeutic	10
bacteriotherapeutic	10
physiotherapeutic	10
pretherapeutic	10
bibliotherapeutic	10
teletherapeutic	10
mechanotherapeutic	10
heliotherapeutic	10
cardiotherapeutic	10
hypnotherapeutic	10
chrysotherapeutic	10
pyrotherapeutic	10
phototherapeutic	10
cybertherapeutic	10
cotherapeutic	10
polytherapeutic	10
immunotherapeutic	10
pneumotherapeutic	10
aerotherapeutic	10
serotherapeutic	10
actinotherapeutic	10
biotherapeutic	10
vegetotherapeutic	10
sociotherapeutic	10
radiotherapeutic	10
autotherapeutic	10
logotherapeutic	10
supratherapeutic	10
therapeuticize	10
thermotherapeutic	10
phytotherapeutic	10
electrotherapeutic	10
brachytherapeutic	10
kinetic	11
nucleokinetic	11
parakinetic	11
kineticism	11
hypokinetic	11
podokinetic	11
arthrokinetic	11
hyperkinetic	11
isokinetic	11
photokinetic	11
orthokinetic	11
cryokinetic	11
glossokinetic	11
cholecystokinetic	11
physicokinetic	11
prokinetic	11
stathmokinetic	11
kinetically	11
psychokinetic	11
morphokinetic	11
blastokinetic	11
mechanokinetic	11
angiokinetic	11
hydrokinetic	11
phagokinetic	11
gastrokinetic	11
pleurokinetic	11
optokinetic	11
spatiokinetic	11
gyrokinetic	11
homokinetic	11
rhynchokinetic	11
interkinetic	11
myokinetic	11
topokinetic	11
chemokinetic	11
immunokinetic	11
bradykinetic	11
normokinetic	11
mesokinetic	11
holokinetic	11
virokinetic	11
proterokinetic	11
diakinetic	11
cytokinetic	11
pyrokinetic	11
cardiokinetic	11
telokinetic	11
haptokinetic	11
aerokinetic	11
gametokinetic	11
ferrokinetic	11
cholekinetic	11
thermokinetic	11
toxicokinetic	11
neurokinetic	11
post-kinetic	11
dyskinetic	11
hysterokinetic	11
electrokinetic	11
akinetic	11
amphikinetic	11
antikinetic	11
karyokinetic	11
autokinetic	11
telekinetic	11
pharmacokinetic	11
metakinetic	11
enterokinetic	11
perikinetic	11
kineme	11
monokinetic	11
microkinetic	11
kinetics	11
adipokinetic	11
kineticist	11
thigmokinetic	11
biokinetic	11
macrokinetic	11
dikinetic	11
